year,p,pet,aet,pu,pu/p,infl,ds
Jan-71,78.6,4.2,4.2,52.88,0.67,21.52,21.52
Feb-71,22.6,10.48,10.48,30.07,1.33,0,-17.95
Mar-71,41.2,15,15,39.4,0.96,0,-13.2
Apr-71,20.6,56.07,51.52,40.09,1.95,0,-71.01
May-71,63,90.74,81.79,26.27,0.42,0,-45.06
Jun-71,49,117.81,81.1,21.08,0.43,0,-53.18
Jul-71,28.6,145.35,55.3,14.52,0.51,0,-41.21
Aug-71,8.8,145.3,20.37,12.44,1.41,0,-24.02
Sep-71,88.4,78.86,78.86,14.52,0.16,0,-4.97
Oct-71,23.8,45.81,44,12.79,0.54,0,-32.98
Nov-71,107.2,22.16,22.16,39.05,0.36,45.99,45.99
Dec-71,22.4,5.69,5.69,28.17,1.26,0,-11.46
Jan-72,153.4,9.35,9.35,81.5,0.53,62.54,62.54
Feb-72,90.2,20.92,20.92,108.63,1.2,0,-39.35
Mar-72,23.2,38.35,37.47,48.67,2.1,0,-62.94
Apr-72,157,53.71,53.71,84.67,0.54,18.62,18.62
May-72,43.6,48.78,48.67,40.9,0.94,0,-45.97
Jun-72,16,82.25,65.45,12.84,0.8,0,-62.3
Jul-72,77.2,88.98,83.58,6.62,0.09,0,-13
Aug-72,61,124.32,86.71,10.6,0.17,0,-36.31
Sep-72,155.6,74.81,74.81,76.49,0.49,4.3,4.3
Oct-72,42.2,45.62,45.57,19.41,0.46,0,-22.79
Nov-72,55.8,24.88,24.88,27.19,0.49,3.73,3.73
Dec-72,45.2,10.21,10.21,60.48,1.34,0,-25.49
Jan-73,131,6.65,6.65,127.12,0.97,0,-2.78
Feb-73,47.8,10.67,10.67,62.67,1.31,0,-25.54
Mar-73,87.2,16.87,16.87,102.3,1.17,0,-31.97
Apr-73,76.6,38.28,38.28,47.12,0.62,0,-8.8
May-73,18.8,91.73,74.17,22.12,1.18,0,-77.49
Jun-73,44.6,137.39,81.41,13.65,0.31,0,-50.46
Jul-73,44.8,163.52,65.44,8.64,0.19,0,-29.28
Aug-73,17.4,143.73,25.75,6.62,0.38,0,-14.97
Sep-73,227,102.54,102.54,67.33,0.3,57.12,57.12
Oct-73,44.6,53.44,53.14,61.92,1.39,0,-70.46
Nov-73,26.2,12.79,12.79,21.6,0.82,0,-8.19
Dec-73,12,1.78,1.78,14.54,1.21,0,-4.33
Jan-74,18.6,5.62,5.62,17.71,0.95,0,-4.74
Feb-74,27.4,19.82,19.82,17.86,0.65,0,-10.28
Mar-74,41,26.11,26.11,32.43,0.79,0,-17.54
Apr-74,64.6,48.65,48.65,15.98,0.25,0,-0.03
May-74,42.6,91.76,83.31,18.43,0.43,0,-59.14
Jun-74,63.2,126.79,97,11.2,0.18,0,-45.01
Jul-74,57.2,163.08,86.47,20.91,0.37,0,-50.18
Aug-74,54.8,154.25,66.93,11.52,0.21,0,-23.65
Sep-74,19,99.67,23.77,12.04,0.63,0,-16.81
Oct-74,50.2,32.03,32.03,17.4,0.35,0.77,0.77
Nov-74,49.2,18.56,18.56,14.98,0.3,15.66,15.66
Dec-74,20.2,1.89,1.89,17.28,0.86,1.03,1.03
Jan-75,6,3.18,3.18,12.67,2.11,0,-9.86
Feb-75,30.8,9.1,9.1,12.21,0.4,9.49,9.49
Mar-75,44.6,26.66,26.66,15.61,0.35,2.33,2.33
Apr-75,42,51.76,51.4,18.14,0.43,0,-27.54
May-75,111,100.35,100.35,21.54,0.19,0,-10.89
Jun-75,78.8,129.4,120.48,21.77,0.28,0,-63.45
Jul-75,27.8,162,83.06,26.5,0.95,0,-81.75
Aug-75,91.6,139.88,100.85,26.73,0.29,0,-35.98
Sep-75,21.2,109.7,31.2,18.6,0.88,0,-28.6
Oct-75,100,50.92,50.92,55.15,0.55,0,-6.07
Nov-75,86.4,19.7,19.7,58.9,0.68,7.8,7.8
Dec-75,7.6,3.19,3.19,48.7,6.41,0,-44.29
Jan-76,14.4,7.58,7.58,29.89,2.08,0,-23.08
Feb-76,71,23.24,23.24,60.28,0.85,0,-12.52
Mar-76,64.2,14.7,14.7,59.79,0.93,0,-10.29
Apr-76,32.6,6.93,6.93,22,0.67,3.66,3.66
May-76,18,71.8,61.79,11.78,0.65,0,-55.57
Jun-76,21,117.05,64.85,8.93,0.43,0,-52.78
Jul-76,36.4,143.34,58.34,10.2,0.28,0,-32.14
Aug-76,140,101.95,101.95,31.05,0.22,7,7
Sep-76,119.2,78.64,78.64,38.51,0.32,2.05,2.05
Oct-76,93,54.51,54.51,31.56,0.34,6.92,6.92
Nov-76,51.9,25.13,25.13,39.28,0.76,0,-12.52
Dec-76,53.6,8.24,8.24,41.3,0.77,4.06,4.06
Jan-77,33.2,8.34,8.34,43.66,1.32,0,-18.8
Feb-77,31.2,21.67,21.67,36.29,1.16,0,-26.76
Mar-77,59.4,39.24,39.24,33.24,0.56,0,-13.07
Apr-77,29.8,46.87,45.76,32.95,1.11,0,-48.91
May-77,23.2,86.7,66.76,17.4,0.75,0,-60.96
Jun-77,21.8,121.85,58.23,12.64,0.58,0,-49.07
Jul-77,63,140.35,76.78,17.11,0.27,0,-30.89
Aug-77,81.1,116.78,85.11,21.72,0.27,0,-25.73
Sep-77,27.6,76.87,31.57,18.84,0.68,0,-22.8
Oct-77,38,58.6,39.25,34.93,0.92,0,-36.18
Nov-77,94.4,23.59,23.59,31.22,0.33,39.59,39.59
Dec-77,24.1,4.52,4.52,27.91,1.16,0,-8.33
Jan-78,74,9.39,9.39,38.71,0.52,25.9,25.9
Feb-78,31.6,10.37,10.37,35.83,1.13,0,-14.6
Mar-78,48.8,22.93,22.93,55.12,1.13,0,-29.25
Apr-78,52.6,48.6,48.6,35.68,0.68,0,-31.68
May-78,55.4,81.69,79.13,30.07,0.54,0,-53.8
Jun-78,38.8,113.82,84.69,22.44,0.58,0,-68.32
Jul-78,45.6,117.9,70.22,19.12,0.42,0,-43.74
Aug-78,31,105.85,45.23,19.41,0.63,0,-33.64
Sep-78,29,87.3,35.5,18.6,0.64,0,-25.1
Oct-78,76.5,49.45,49.45,34.96,0.46,0,-7.91
Nov-78,48.7,13.47,13.47,50.44,1.04,0,-15.21
Dec-78,65.6,4.67,4.67,89.22,1.36,0,-28.29
Jan-79,39.1,0.07,0.07,54.59,1.4,0,-15.56
Feb-79,53,15.98,15.98,134.44,2.54,0,-97.41
Mar-79,36.6,32.32,32.32,53.63,1.47,0,-49.35
Apr-79,22.1,43.73,41.97,38.85,1.76,0,-58.72
May-79,0,87.17,52.99,24.93,0,0,-77.92
Jun-79,14.8,136.34,47.68,23.76,1.61,0,-56.64
Jul-79,122.6,125.96,123.13,97.78,0.8,0,-98.31
Aug-79,117.6,119.84,117.95,44.15,0.38,0,-44.5
Sep-79,64,88.16,67.38,37.81,0.59,0,-41.19
Oct-79,22.4,49.09,25.45,19.12,0.85,0,-22.18
Nov-79,128.8,10.82,10.82,97.29,0.76,20.69,20.69
Dec-79,40.8,6.53,6.53,138.93,3.41,0,-104.66
Jan-80,27.4,2.83,2.83,130.67,4.77,0,-106.1
Feb-80,6.6,12.12,12,42.74,6.48,0,-48.14
Mar-80,49.1,30.99,30.99,40.44,0.82,0,-22.32
Apr-80,64.3,44.15,44.15,53.54,0.83,0,-33.39
May-80,94.5,78.81,78.81,45.79,0.48,0,-30.11
Jun-80,30.6,119.09,94.18,35.08,1.15,0,-98.65
Jul-80,2.3,130.66,42.19,36.81,16,0,-76.69
Aug-80,19.4,135.15,32.94,37.38,1.93,0,-50.93
Sep-80,21.8,96.71,25.83,33.98,1.56,0,-38.01
Oct-80,52,44.13,44.13,35.71,0.69,0,-27.84
Nov-80,221.2,11.38,11.38,119.23,0.54,90.58,90.58
Dec-80,58.2,3.84,3.84,136.77,2.35,0,-82.41
Jan-81,71.8,1.35,1.35,75,1.04,0,-4.55
Feb-81,15,8.26,8.26,47.46,3.16,0,-40.73
Mar-81,42.8,36.48,36.48,52.65,1.23,0,-46.33
Apr-81,15.2,57.11,50.85,29.03,1.91,0,-64.68
May-81,47,84.71,70.37,25.57,0.54,0,-48.94
Jun-81,148.5,64.27,64.27,85.22,0.57,0,-0.99
Jul-81,31.6,127.05,98.53,57.11,1.81,0,-124.04
Aug-81,52.2,126.5,78.52,16.65,0.32,0,-42.96
Sep-81,163.2,97.23,97.23,67.75,0.42,0,-1.78
Oct-81,20.6,57.61,52.67,22.03,1.07,0,-54.1
Nov-81,5.6,0.45,0.45,18.72,3.34,0,-13.57
Dec-81,52.2,5.9,5.9,51.58,0.99,0,-5.28
Jan-82,15.8,1.9,1.9,44.5,2.82,0,-30.59
Feb-82,8.8,2.93,2.93,23.62,2.68,0,-17.75
Mar-82,88.2,19.97,19.97,104.31,1.18,0,-36.08
Apr-82,25.4,43,41.82,36.26,1.43,0,-52.68
May-82,56.6,85.41,79,40.06,0.71,0,-62.46
Jun-82,11.6,129.53,64.59,15.84,1.37,0,-68.83
Jul-82,77.4,145.74,91.71,24.77,0.32,0,-39.08
Aug-82,71.8,125.45,78.69,29.66,0.41,0,-36.56
Sep-82,49.8,97.08,53.86,18.09,0.36,0,-22.15
Oct-82,84.4,51.23,51.23,25.49,0.3,7.68,7.68
Nov-82,130.6,21.73,21.73,28.08,0.22,80.79,80.79
Dec-82,82.2,9.85,9.85,99.45,1.21,0,-27.1
Jan-83,12.4,1.75,1.75,33.55,2.71,0,-22.9
Feb-83,25.2,3.97,3.97,49.33,1.96,0,-28.1
Mar-83,21.8,26.39,26.3,80.29,3.68,0,-84.8
Apr-83,30.6,56.15,52.9,34.27,1.12,0,-56.57
May-83,20,87.99,61.37,39.25,1.96,0,-80.62
Jun-83,51.6,115.71,74.66,18.86,0.37,0,-41.93
Jul-83,3.8,156.96,28.26,19.15,5.04,0,-43.61
Aug-83,49.1,123.53,53.7,27.79,0.57,0,-32.39
Sep-83,4,93.52,6.9,15.7,3.92,0,-18.6
Oct-83,41.4,50.26,41.59,9.5,0.23,0,-9.69
Nov-83,3.6,13.55,3.8,6.48,1.8,0,-6.68
Dec-83,36.7,4.8,4.8,0,0,31.9,31.9
Jan-84,18.8,3.09,3.09,13.46,0.72,2.25,2.25
Feb-84,48,6.46,6.46,13.68,0.29,27.86,27.86
Mar-84,52,6.86,6.86,29.15,0.56,16,16
Apr-84,38.6,37.63,37.63,12.24,0.32,0,-11.27
May-84,95,82.39,82.39,14.83,0.16,0,-2.22
Jun-84,20.4,120.15,89.31,15.26,0.75,0,-84.18
Jul-84,27,141.2,61.02,12.96,0.48,0,-46.98
Aug-84,63,121.31,71.54,16.42,0.26,0,-24.96
Sep-84,77.6,92.69,79.24,17.14,0.22,0,-18.77
Oct-84,80.6,59.4,59.4,14.54,0.18,6.65,6.65
Nov-84,37.4,24.58,24.58,10.51,0.28,2.31,2.31
Dec-84,44.2,12.17,12.17,15.55,0.35,16.48,16.48
Jan-85,21.2,0,0,44.44,2.1,0,-23.24
Feb-85,28.6,7.17,7.17,10.8,0.38,10.63,10.63
Mar-85,54.6,29.45,29.45,10.8,0.2,14.35,14.35
Apr-85,23.4,57.92,53.59,4.9,0.21,0,-35.09
May-85,35.2,98.28,72.93,12.1,0.34,0,-49.83
Jun-85,27.8,125.92,59.22,15.41,0.55,0,-46.82
Jul-85,2.4,160.18,21.44,23.18,9.66,0,-42.22
Aug-85,26.8,134.67,31.18,25.92,0.97,0,-30.3
Sep-85,1.2,105.03,3.02,11.23,9.36,0,-13.05
Oct-85,68.8,59.83,59.83,6.34,0.09,2.64,2.64
Nov-85,60.2,20.74,20.74,12.1,0.2,27.37,27.37
Dec-85,40,11.71,11.71,8.5,0.21,19.79,19.79
Jan-86,72.2,7.74,7.74,21.02,0.29,43.44,43.44
Feb-86,39,6.39,6.39,27.94,0.72,4.67,4.67
Mar-86,95.6,25.45,25.45,44.81,0.47,25.34,25.34
Apr-86,68.6,62.89,62.89,19.3,0.28,0,-13.58
May-86,26,116.52,90.57,20.74,0.8,0,-85.31
Jun-86,45,127.79,74.58,13.54,0.3,0,-43.12
Jul-86,86.4,143.41,97.99,31.82,0.37,0,-43.41
Aug-86,7,143.05,20.37,14.98,2.14,0,-28.35
Sep-86,37.4,95.1,39.93,12.96,0.35,0,-15.49
Oct-86,25,59.53,26.04,10.51,0.42,0,-11.56
Nov-86,23.8,12.38,12.38,10.66,0.45,0.77,0.77
Dec-86,0,0,0,8.93,0,0,-8.93
Jan-87,57.4,0,0,15.26,0.27,42.14,42.14
Feb-87,71.4,1.8,1.8,26.93,0.38,42.68,42.68
Mar-87,13.8,4.5,4.5,14.83,1.07,0,-5.53
Apr-87,17,38.04,36.37,12.96,0.76,0,-32.33
May-87,27.8,58.83,51.07,19.3,0.69,0,-42.57
Jun-87,36.8,100.16,69.74,16.42,0.45,0,-49.36
Jul-87,25.6,135.08,54.87,25.34,0.99,0,-54.61
Aug-87,6.6,117.33,18.96,16.85,2.55,0,-29.21
Sep-87,15,102.4,19.39,10.22,0.68,0,-14.62
Oct-87,113.9,55.71,55.71,15.84,0.14,42.35,42.35
Nov-87,141.2,22.72,22.72,30.41,0.22,88.06,88.06
Dec-87,69,7.02,7.02,32.83,0.48,29.15,29.15
Jan-88,10.9,12.75,12.74,,,,
Feb-88,36,14.28,14.28,,,,
Mar-88,30.9,24.43,24.43,,,,
Apr-88,31.5,52.98,51.25,,,,
May-88,45.1,94.03,79.3,,,,
Jun-88,119.2,118.95,118.95,,,,
Jul-88,0.6,154.39,89.42,,,,
Aug-88,58.2,139.83,75.93,,,,
Sep-88,26.9,89.61,34.53,,,,
Oct-88,14.9,65.64,18.82,,,,
Nov-88,19.4,10.74,10.74,,,,
Dec-88,36,4.96,4.96,,,,
Jan-89,4.3,0.86,0.86,,,,
Feb-89,11,14.5,14.45,,,,
Mar-89,17.5,33.64,32.23,,,,
Apr-89,33.8,56.06,51.26,,,,
May-89,32.5,91.17,66.14,,,,
Jun-89,22.8,120.92,53.49,,,,
Jul-89,127,142.65,130.04,,,,
Aug-89,52.8,130.82,63.42,,,,
Sep-89,54.55,89,57.51,,,,
Oct-89,5.8,45.15,8.33,,,,
Nov-89,55.7,19.45,19.45,,,,
Dec-89,1.6,6.47,6.37,,,,
Jan-90,3.7,3.35,3.35,,,,
Feb-90,15,19.16,19.09,,,,
Mar-90,71.9,32.46,32.46,,,,
Apr-90,73.7,50.78,50.78,,,,
May-90,12.1,94.03,72.34,,,,
Jun-90,17.7,121.58,54.62,,,,
Jul-90,27.3,143.21,44.64,,,,
Aug-90,32.4,132.14,38.68,,,,
Sep-90,37.6,94.37,39.49,,,,
Oct-90,94.7,64.52,64.52,,,,
Nov-90,34.2,24.09,24.09,,,,
Dec-90,27.7,4.39,4.39,,,,
Jan-91,23.1,4.19,4.19,,,,
Feb-91,24.7,0.05,0.05,,,,
Mar-91,30.1,37.54,37.32,,,,
Apr-91,93.4,42.74,42.74,,,,
May-91,112.2,67.81,67.81,,,,
Jun-91,42.2,122.29,101.47,,,,
Jul-91,51.7,153.33,88.64,,,,
Aug-91,47.1,141.49,62.8,,,,
Sep-91,27.5,105.79,34.02,,,,
Oct-91,103.8,51.78,51.78,,,,
Nov-91,128.8,18.66,18.66,,,,
Dec-91,24.1,2.72,2.72,,,,
Jan-92,19.6,4.03,4.03,20,1.02,0,-4.43
Feb-92,20.6,14.17,14.17,13.5,0.66,0,-7.07
Mar-92,22.5,27.22,27.13,13.17,0.59,0,-17.8
Apr-92,36.6,55.97,53.9,12,0.33,0,-29.3
May-92,10.5,95.97,61.76,11.33,1.08,0,-62.59
Jun-92,71.2,123.15,89.04,11.33,0.16,0,-29.18
Jul-92,39.1,149.91,59.56,17.67,0.45,0,-38.12
Aug-92,38.7,156.9,47.53,21.17,0.55,0,-30
Sep-92,19.4,96.95,22.01,14.17,0.73,0,-16.78
Oct-92,169.7,54.79,54.79,12.67,0.07,102.24,102.24
Nov-92,23.5,24.44,24.43,17.83,0.76,0,-18.77
Dec-92,102.6,10.22,10.22,34.5,0.34,57.88,57.88
Jan-93,4.4,4.55,4.55,26.63,6.05,0,-26.78
Feb-93,2,6.01,5.94,15.5,7.75,0,-19.44
Mar-93,50.1,21.79,21.79,16.83,0.34,11.47,11.47
Apr-93,70.4,55.54,55.54,20.67,0.29,0,-5.81
May-93,8.7,102.92,75.05,24,2.76,0,-90.35
Jun-93,51.1,133.93,79.84,24.83,0.49,0,-53.57
Jul-93,45.5,147.36,62.64,22.67,0.5,0,-39.81
Aug-93,103.1,149.97,107.38,18.83,0.18,0,-23.11
Sep-93,63.6,91.26,65.47,19,0.3,0,-20.87
Oct-93,127.3,58.42,58.42,12.33,0.1,56.54,56.54
Nov-93,88.6,20.21,20.21,19.5,0.22,48.89,48.89
Dec-93,37.1,9.39,9.39,25.33,0.68,2.38,2.38
Jan-94,79,11.92,11.92,31.17,0.39,35.92,35.92
Feb-94,19.3,10.05,10.05,19.17,0.99,0,-9.92
Mar-94,11.1,40.78,37.55,21.17,1.91,0,-47.61
Apr-94,161.7,51.44,51.44,103.17,0.64,7.09,7.09
May-94,19.8,96.74,77.38,36.2,1.83,0,-93.78
Jun-94,109,130.51,119.74,32.03,0.29,0,-42.77
Jul-94,27.8,166.51,66.3,24.07,0.87,0,-62.56
Aug-94,16.6,157.68,29.52,109.83,6.62,0,-122.76
Sep-94,161.9,101.05,101.05,51.03,0.32,9.82,9.82
Oct-94,31.5,50.9,49.48,17.73,0.56,0,-35.71
Nov-94,33.4,31.07,31.07,17.83,0.53,0,-15.51
Dec-94,23.2,9.74,9.74,20.67,0.89,0,-7.21
Jan-95,14.4,5.82,5.82,10.33,0.72,0,-1.76
Feb-95,43,18.05,18.05,15.83,0.37,9.12,9.12
Mar-95,59.4,24.69,24.69,16,0.27,18.71,18.71
Apr-95,21.9,51.68,48.42,17.33,0.79,0,-43.85
May-95,89.9,95.49,94.22,20.17,0.22,0,-24.48
Jun-95,138.8,118.36,118.36,33.03,0.24,0,-12.6
Jul-95,43.5,163.11,120.74,33.6,0.77,0,-110.84
Aug-95,105.3,132.53,114.78,28.07,0.27,0,-37.54
Sep-95,46.5,86.71,57.23,18.1,0.39,0,-28.83
Oct-95,16,57.57,24.02,18.53,1.16,0,-26.56
Nov-95,46,18.99,18.99,11.27,0.24,15.74,15.74
Dec-95,81.4,8.23,8.23,27.83,0.34,45.34,45.34
Jan-96,44.2,8.43,8.43,38.13,0.86,0,-2.36
Feb-96,83,8.2,8.2,51.73,0.62,23.06,23.06
Mar-96,58,20.4,20.4,52.8,0.91,0,-15.2
Apr-96,57,60.32,60.28,48.67,0.85,0,-51.95
May-96,89.2,100.53,99.76,47.1,0.53,0,-57.66
Jun-96,30.8,138.33,95.19,29,0.94,0,-93.39
Jul-96,16,141.27,46.1,29.97,1.87,0,-60.07
Aug-96,27.4,134.47,37.52,29.97,1.09,0,-40.09
Sep-96,210.4,79.17,79.17,25.83,0.12,105.4,105.4
Oct-96,158,55.16,55.16,57.27,0.36,45.58,45.58
Nov-96,57.6,32.68,32.68,21.67,0.38,3.25,3.25
Dec-96,130.8,8.02,8.02,76.23,0.58,46.55,46.55
Jan-97,57.8,8.36,8.36,45.83,0.79,3.61,3.61
Feb-97,23.6,16.9,16.9,18.67,0.79,0,-11.97
Mar-97,48.2,36.12,36.12,20,0.41,0,-7.92
Apr-97,82.6,44.45,44.45,28.4,0.34,9.75,9.75
May-97,31.2,101.97,85.35,27.97,0.9,0,-82.12
Jun-97,63.4,138,95.5,29,0.46,0,-61.1
Jul-97,24.6,150.31,49.69,29.3,1.19,0,-54.39
Aug-97,53.5,142.51,60.92,24.8,0.46,0,-32.22
Sep-97,34.2,104.77,37.3,16.53,0.48,0,-19.63
Oct-97,58.8,57.48,57.48,5.17,0.09,0,-3.85
Nov-97,202.5,26.02,26.02,17.33,0.09,159.15,159.15
Dec-97,96.5,7.75,7.75,50.03,0.52,38.72,38.72
Jan-98,19.2,6.19,6.19,24.8,1.29,0,-11.79
Feb-98,13.4,17.61,17.54,22.4,1.67,0,-26.54
Mar-98,33.2,25.68,25.68,29.13,0.88,0,-21.62
Apr-98,56.4,55.07,55.07,25.83,0.46,0,-24.5
May-98,92.2,89.12,89.12,26.13,0.28,0,-23.05
Jun-98,24.6,135.28,98.25,24,0.98,0,-97.65
Jul-98,40,153.17,71.02,30.47,0.76,0,-61.49
Aug-98,5.3,146.51,19.67,27.13,5.12,0,-41.5
Sep-98,119.8,90.8,90.8,29.33,0.24,0,-0.33
Oct-98,69.7,54.72,54.72,28.3,0.41,0,-13.32
Nov-98,48.8,16.9,16.9,25.5,0.52,6.4,6.4
Dec-98,85.4,2.82,2.82,29.67,0.35,52.92,52.92
Jan-99,37.6,7.73,7.73,29.8,0.79,0.07,0.07
Feb-99,31,9.48,9.48,27.9,0.9,0,-6.38
Mar-99,26.8,33.21,33.05,34.13,1.27,0,-40.38
Apr-99,41.8,58.45,56.62,11.97,0.29,0,-26.79
May-99,53.6,106.22,89.42,28.7,0.54,0,-64.52
Jun-99,137,130.21,130.21,33,0.24,0,-26.21
Jul-99,7.6,147.95,92.24,15.3,2.01,0,-99.94
Aug-99,142.8,144.4,143.32,46.6,0.33,0,-47.12
Sep-99,135,106.03,106.03,67.2,0.5,0,-38.23
Oct-99,76.1,56.75,56.75,50.33,0.66,0,-30.98
Nov-99,278,18.68,18.68,139.17,0.5,120.16,120.16
Dec-99,96,5.76,5.76,77.67,0.81,12.58,12.58
Jan-00,32.8,2,2,30.77,0.94,0.04,0.04
Feb-00,15.1,13.03,13.03,19.9,1.32,0,-17.83
Mar-00,24.8,33.03,32.76,15.17,0.61,0,-23.13
Apr-00,43.6,67.22,63.78,24,0.55,0,-44.18
May-00,8.8,110.9,63.14,24.8,2.82,0,-79.14
Jun-00,19.2,144.04,46.56,26.67,1.39,0,-54.03
Jul-00,65.8,142.39,73.16,27.8,0.42,0,-35.16
Aug-00,29.8,145.46,35.08,24.8,0.83,0,-30.08
Sep-00,24.2,99.69,25.78,13,0.54,0,-14.58
Oct-00,123.2,61.76,61.76,16.87,0.14,44.58,44.58
Nov-00,121.7,32.1,32.1,25.53,0.21,64.07,64.07
Dec-00,64,12.04,12.04,25.3,0.4,26.66,26.66
Jan-01,112.2,10,10,42.73,0.38,59.47,59.47
Feb-01,29,15.36,15.36,26.07,0.9,0,-12.43
Mar-01,74.4,43.86,43.86,24.8,0.33,5.74,5.74
Apr-01,104.8,49.02,49.02,58.43,0.56,0,-2.65
May-01,52.6,98.92,91.36,24.8,0.47,0,-63.56
Jun-01,7.2,105.82,54.56,24,3.33,0,-71.36
Jul-01,23,153.25,48.7,30.63,1.33,0,-56.33
Aug-01,119.4,139.3,121.47,32.87,0.28,0,-34.94
Sep-01,84.8,66.07,66.07,32.63,0.38,0,-13.91
Oct-01,23,57.58,53.24,24.8,1.08,0,-55.04
Nov-01,51.8,12.26,12.26,29.9,0.58,9.64,9.64
Dec-01,36.2,0.94,0.94,24.97,0.69,10.29,10.29
Jan-02,12,0.49,0.49,24.8,2.07,0,-13.29
Feb-02,45.2,18.61,18.61,26.97,0.6,0,-0.37
Mar-02,1.4,36.85,32.3,32.67,23.33,0,-63.56
Apr-02,98.8,53.69,53.69,39.8,0.4,5.31,5.31
May-02,70.8,98.64,95.78,29.47,0.42,0,-54.45
Jun-02,20.2,145.76,83.93,30.33,1.5,0,-94.06
Jul-02,75.4,149.47,91.97,28.13,0.37,0,-44.71
Aug-02,135.8,132.39,132.39,37.03,0.27,0,-33.62
Sep-02,91,88.78,88.78,40.93,0.45,0,-38.72
Oct-02,55,56.97,56.96,36.3,0.66,0,-38.26
Nov-02,53,36.67,36.67,26.67,0.5,0,-10.33
Dec-02,171.1,12.92,12.92,70.6,0.41,87.58,87.58
Jan-03,53.6,6.3,6.3,65.9,1.23,0,-18.6
Feb-03,16.6,4.4,4.4,24.07,1.45,0,-11.86
Mar-03,33.6,30.81,30.81,24.8,0.74,0,-22.01
Apr-03,41.8,53.26,52.75,26,0.62,0,-36.95
May-03,30.8,108.43,83.72,33.43,1.09,0,-86.35
Jun-03,2,171.4,47.93,25,12.5,0,-70.93
Jul-03,17,169.21,28.36,26.47,1.56,0,-37.82
Aug-03,14.2,168.66,17.62,26.47,1.86,0,-29.89
Sep-03,44,93.06,44.46,25.67,0.58,0,-26.12
Oct-03,72.6,50.59,50.59,26.8,0.37,0,-4.79
Nov-03,88.2,31.94,31.94,30.93,0.35,25.33,25.33
Dec-03,19.8,12.27,12.27,15.47,0.78,0,-7.93
Jan-04,52.6,5.14,5.14,17.33,0.33,30.13,30.13
Feb-04,90.8,10.83,10.83,42.93,0.47,37.03,37.03
Mar-04,72.2,26.18,26.18,67.6,0.94,0,-21.58
Apr-04,77.6,56.28,56.28,42.37,0.55,0,-21.05
May-04,35,86.07,76.99,32.93,0.94,0,-74.92
Jun-04,23.2,132.53,71.93,55.73,2.4,0,-104.46
Jul-04,24.4,149.59,46.62,29.77,1.22,0,-51.98
Aug-04,22.8,142.68,30.82,28.33,1.24,0,-36.35
Sep-04,37.4,98.56,39.34,17.5,0.47,0,-19.44
Oct-04,65.8,66.25,65.81,11.57,0.18,0,-11.58
Nov-04,52,26.14,26.14,13.4,0.26,12.46,12.46
Dec-04,99.8,11.35,11.35,42.77,0.43,45.68,45.68
Jan-05,2.8,5.48,5.45,21.23,7.58,0,-23.88
Feb-05,54,7.95,7.95,23.1,0.43,22.95,22.95
Mar-05,18.4,28.95,28.52,19.43,1.06,0,-29.55
Apr-05,103,55.97,55.97,47.9,0.47,0,-0.87
May-05,33.2,105.45,88.19,28.87,0.87,0,-83.85
Jun-05,15.4,145.52,61.13,28.9,1.88,0,-74.63
Jul-05,17.6,158.51,34.62,32.3,1.84,0,-49.32
Aug-05,81.2,127.35,83.73,37.4,0.46,0,-39.93
Sep-05,125.2,100.7,100.7,32.13,0.26,0,-7.64
Oct-05,172.2,55.86,55.86,58.6,0.34,57.74,57.74
Nov-05,105,25.54,25.54,51.3,0.49,28.16,28.16
Dec-05,62.2,8.39,8.39,44.47,0.71,9.34,9.34
Jan-06,10.6,2.96,2.96,25.97,2.45,0,-18.33
Feb-06,28.4,14.4,14.4,21.37,0.75,0,-7.37
Mar-06,53.2,27.15,27.15,31.73,0.6,0,-5.69
Apr-06,69.8,63.69,63.69,27.9,0.4,0,-21.79
May-06,63.2,101.37,96.13,34.43,0.54,0,-67.36
Jun-06,13.2,139.74,72.18,31.73,2.4,0,-90.71
Jul-06,7,171.8,31.87,30.3,4.33,0,-55.17
Aug-06,65,127.98,68.63,25.97,0.4,0,-29.59
Sep-06,102.4,104.64,102.5,24.1,0.24,0,-24.2
Oct-06,15.6,68.22,17.48,14.57,0.93,0,-16.44
Nov-06,20.8,32.28,21.12,12.97,0.62,0,-13.28
Dec-06,6.2,14.9,6.42,10.03,1.62,0,-10.25
Jan-07,15.6,15.01,15.01,15.83,1.01,0,-15.24
Feb-07,33.4,23.16,23.16,16.4,0.49,0,-6.16
Mar-07,113.8,41.18,41.18,40.9,0.36,31.72,31.72
Apr-07,6.8,75.93,60.01,23.47,3.45,0,-76.68
May-07,60.2,115.14,85.93,11.53,0.19,0,-37.26
Jun-07,36,146.68,63.51,25.93,0.72,0,-53.45
Jul-07,10.4,169.55,24.42,24.2,2.33,0,-38.22
Aug-07,32.4,137.19,35.52,26.47,0.82,0,-29.59
Sep-07,148.4,90.73,90.73,18.17,0.12,39.5,39.5
Oct-07,118.6,55.6,55.6,26.47,0.22,36.54,36.54
Nov-07,19.2,24.21,24.11,18.87,0.98,0,-23.78
Dec-07,41.6,9.8,9.8,19.23,0.46,12.57,12.57
Jan-08,21.2,13.53,13.53,19.57,0.92,0,-11.89
Feb-08,26.2,16.08,16.08,21.2,0.81,0,-11.08
Mar-08,80.6,36.66,36.66,26.3,0.33,17.64,17.64
Apr-08,53,62.76,62.39,1.7,0.03,0,-11.09
May-08,66.2,101.36,94.59,33.17,0.5,0,-61.56
Jun-08,35.8,142.25,86.11,37.37,1.04,0,-87.68
Jul-08,40.4,165.54,64.26,40.13,0.99,0,-64
Aug-08,6.4,150.96,15.98,29.13,4.55,0,-38.71
Sep-08,47.2,98.74,48.7,15,0.32,0,-16.5
Oct-08,17,67.02,17.97,8.2,0.48,0,-9.17
Nov-08,69.2,32.46,32.46,16.33,0.24,20.41,20.41
Dec-08,81.2,11.99,11.99,30.83,0.38,38.38,38.38
Jan-09,56,6.41,6.41,29.17,0.52,20.42,20.42
Feb-09,36.6,15.93,15.93,21.87,0.6,0,-1.19
Mar-09,41.6,35.65,35.65,24.6,0.59,0,-18.65
Apr-09,55.8,67.03,66.55,24.93,0.45,0,-35.68
May-09,8.6,120.3,76.36,28.13,3.27,0,-95.89
Jun-09,34.4,137.92,61.01,29.87,0.87,0,-56.48
Jul-09,11.8,164.33,26.46,24.33,2.06,0,-38.99
Aug-09,13,157.59,17.25,9.67,0.74,0,-13.92
Sep-09,10,107.61,11.07,8.1,0.81,0,-9.17
Oct-09,127.4,58.94,58.94,17.17,0.13,51.29,51.29
Nov-09,18.2,29.78,29.26,14.2,0.78,0,-25.26
Dec-09,81.6,8.87,8.87,19.27,0.24,53.47,53.47
Jan-10,93.8,3.85,3.85,43.3,0.46,46.65,46.65
Feb-10,87,13.35,13.35,62.6,0.72,11.05,11.05
Mar-10,82.8,31.02,31.02,68.07,0.82,0,-16.28
Apr-10,74.8,61.74,61.74,50.07,0.67,0,-37.01
May-10,100,100.48,100.48,50.17,0.5,0,-50.65
Jun-10,42.8,138.23,109.47,37.5,0.88,0,-104.17
Jul-10,21.6,172.47,62.68,31.73,1.47,0,-72.81
Aug-10,86,139.21,92.12,33.5,0.39,0,-39.62
Sep-10,66.2,92.26,68.38,20.87,0.32,0,-23.04
Oct-10,65.8,52.36,52.36,31.63,0.48,0,-18.2
Nov-10,105,32.22,32.22,44.4,0.42,28.38,28.38
Dec-10,51.2,5.4,5.4,49.2,0.96,0,-3.4
Jan-11,30.6,6.27,6.27,24.3,0.79,0.03,0.03
Feb-11,26.2,15.88,15.88,29.17,1.11,0,-18.84
Mar-11,110.4,31.24,31.24,71.93,0.65,7.22,7.22
Apr-11,15,74.35,62.33,24.43,1.63,0,-71.76
May-11,34.6,107.34,69.1,35.23,1.02,0,-69.74
Jun-11,39.4,143.74,64.27,31,0.79,0,-55.87
Jul-11,43.8,152.88,54.98,31.13,0.71,0,-42.31
Aug-11,0,155.77,5.76,29.47,0,0,-35.23
Sep-11,27.2,119.85,28.43,26.2,0.96,0,-27.43
Oct-11,29.8,56.47,30.02,16.4,0.55,0,-16.62
Nov-11,8.6,25.79,8.72,13.33,1.55,0,-13.45
Dec-11,27,13.2,13.2,15.73,0.58,0,-1.93
Jan-12,8.2,6.22,6.22,16.17,1.97,0,-14.19
Feb-12,67,2.94,2.94,17.2,0.26,46.86,46.86
Mar-12,1.8,44.79,38.22,15.8,8.78,0,-52.22
Apr-12,69.8,60.78,60.78,19.1,0.27,0,-10.08
May-12,52.8,99.32,91.7,40.87,0.77,0,-79.77
Jun-12,5.2,156.53,66.09,10.4,2,0,-71.29
Jul-12,17.4,177.79,36.27,15.8,0.91,0,-34.67
Aug-12,1.4,162.78,6.7,13.7,9.79,0,-19
Sep-12,106,102.08,102.08,14.03,0.13,0,-10.12
Oct-12,50.2,65.24,64.38,26.2,0.52,0,-40.38
Nov-12,97,36.32,36.32,31.73,0.33,28.95,28.95
Dec-12,61.2,6.12,6.12,33.27,0.54,21.81,21.81
Jan-13,73.2,9.13,9.13,40.2,0.55,23.87,23.87
Feb-13,123.2,9.69,9.69,58.67,0.48,54.84,54.84
Mar-13,126.6,27.67,27.67,83.7,0.66,15.23,15.23
Apr-13,49.4,63.73,62.95,48,0.97,0,-61.55
May-13,46.4,94.06,81.82,28.63,0.62,0,-64.05
Jun-13,18.2,137.14,65.26,20.33,1.12,0,-67.39
Jul-13,29.2,165.78,49.04,17.23,0.59,0,-37.07
Aug-13,42.6,148.11,48.35,15.57,0.37,0,-21.32
Sep-13,45,104.2,46.65,15.73,0.35,0,-17.38
Oct-13,125.8,63.09,63.09,41.57,0.33,21.14,21.14
Nov-13,104.6,36.26,36.26,37.7,0.36,30.64,30.64
Dec-13,6.6,11.79,11.69,25.5,3.86,0,-30.59
Jan-14,71.4,18.14,18.14,36.73,0.51,16.53,16.53
Feb-14,65.8,27.43,27.43,61.5,0.93,0,-23.13
Mar-14,71.4,42.77,42.77,35.07,0.49,0,-6.44
Apr-14,51.6,70.94,69.53,12.9,0.25,0,-30.83
May-14,32.2,98.38,76.35,14.47,0.45,0,-58.62
Jun-14,51.8,145.54,85.34,14.97,0.29,0,-48.51
Jul-14,72,144.97,85.35,21.93,0.3,0,-35.29
Aug-14,96.8,137.23,101.47,25.43,0.26,0,-30.11
Sep-14,35,94.89,39.67,12.07,0.34,0,-16.74
Oct-14,62.8,69.4,63.19,15.8,0.25,0,-16.19
Nov-14,56.2,40.15,40.15,23.47,0.42,0,-7.41
Dec-14,94.4,16.41,16.41,60.83,0.64,17.15,17.15
Jan-15,12.8,13.17,13.17,15.07,1.18,0,-15.43
Feb-15,118.8,18.22,18.22,69.27,0.58,31.31,31.31
Mar-15,112.2,36.24,36.24,59.57,0.53,16.4,16.4
Apr-15,70,64.41,64.41,27.83,0.4,0,-22.24
May-15,111.8,104.49,104.49,43.2,0.39,0,-35.89
Jun-15,105.6,146.91,140.82,26.6,0.25,0,-61.82
Jul-15,0,186.3,70.09,27.03,0,0,-97.12
Aug-15,51.8,147.65,62.82,9.23,0.18,0,-20.26
Sep-15,24.2,106.03,28.82,12.13,0.5,0,-16.75
Oct-15,130.2,55.02,55.02,16.73,0.13,58.45,58.45
Nov-15,42,29.36,29.36,10.93,0.26,1.71,1.71
Dec-15,3,11.53,11.25,11.83,3.94,0,-20.08
Jan-16,21.8,12.06,12.06,13.47,0.62,0,-3.73
Feb-16,114.6,26.43,26.43,36.03,0.31,52.14,52.14
Mar-16,66.6,37.63,37.63,41.73,0.63,0,-12.77
Apr-16,45,68.37,66.33,11.17,0.25,0,-32.49
May-16,57.8,96.73,85.62,22.73,0.39,0,-50.55
Jun-16,85.4,138.45,111.81,6.17,0.07,0,-32.58
Jul-16,21.4,168.98,56.21,8.33,0.39,0,-43.14
Aug-16,24.4,141.06,33.84,12.87,0.53,0,-22.31
Sep-16,83.2,109.05,84.35,13.17,0.16,0,-14.32
Oct-16,6.8,54.91,8.4,7.67,1.13,0,-9.27
Nov-16,86.8,30.13,30.13,23.1,0.27,33.57,33.57
Dec-16,28.4,8.82,8.82,11.17,0.39,8.41,8.41
Jan-17,23,4.34,4.34,5.67,0.25,13,13
Feb-17,40,20.34,20.34,5.33,0.13,14.33,14.33
Mar-17,12.4,45.97,41.87,7.33,0.59,0,-36.81
Apr-17,43.2,68.24,60.6,5.83,0.14,0,-23.23
May-17,49.8,102.33,76.78,10.17,0.2,0,-37.14
Jun-17,45.4,162.49,76.96,25.2,0.56,0,-56.76
Jul-17,6,166.93,20.85,8.83,1.47,0,-23.68
Aug-17,31,158.42,34.65,6.33,0.2,0,-9.99
Sep-17,67.2,92.91,67.59,9.67,0.14,0,-10.05
Oct-17,21.8,61.8,22.26,7,0.32,0,-7.46
Nov-17,211,27.22,27.22,29,0.14,154.78,154.78
Dec-17,35.8,12.18,12.18,9.67,0.27,13.95,13.95
Jan-18,15.2,16.06,16.06,3.17,0.21,0,-4.03
Feb-18,191.6,11.35,11.35,78.43,0.41,101.82,101.82
Mar-18,89,25.4,25.4,52.27,0.59,11.33,11.33
Apr-18,11.6,77.21,62.74,1.33,0.11,0,-52.48
May-18,50,111.78,79.01,4.5,0.09,0,-33.51
Jun-18,83.4,148.46,101.89,8.67,0.1,0,-27.16
Jul-18,23.6,167.59,42.23,16.17,0.69,0,-34.8
Aug-18,68.6,155.48,72.95,29.27,0.43,0,-33.61
Sep-18,30.6,108.61,32.62,3,0.1,0,-5.02
Oct-18,105,65.85,65.85,4.17,0.04,34.98,34.98
Nov-18,80,36.63,36.63,12.83,0.16,30.54,30.54
Dec-18,41.6,8.67,8.67,8.17,0.2,24.77,24.77
